job_id,job_locations
270735,Work From Home
270736,Work From Home
272101,Bangalore
270555,Bangalore
270071,Mumbai
270076,Bangalore
271146,Hyderabad
271149,Hyderabad
270726,Bangalore
270725,Bangalore
267703,Hyderabad
267707,Chennai
266323,Amritsar
268766,Mumbai
268671,Bathinda
268765,Ahmedabad
267411,Gurgaon
267403,Mumbai
269568,Bangalore
268362,Work From Home
272515,Work From Home
272510,Pune
272512,Bangalore
272524,Bangalore
265683,Gurgaon
272508,Bangalore
264370,Bangalore
272509,Hyderabad
272525,Hyderabad
272523,Hyderabad
272468,Bangalore
272483,Mumbai
272485,Bangalore
272489,Pune
272474,Pune
272469,Bangalore
272504,Noida
272479,Bangalore
272465,Bangalore
272499,Bangalore
272455,Bangalore
272456,Bangalore
272459,Bangalore
272443,Bangalore
272446,Bangalore
272449,Work From Home
272462,Bangalore
272444,Gurgaon
272458,Bangalore
272463,Pune
272420,Bangalore
272424,Work From Home
272435,Bangalore
272441,Pune
272437,Noida
272430,Bangalore
272423,Work From Home
272442,Mumbai
272428,Bangalore
272409,Noida
272414,Bangalore
272416,Mumbai
272418,Work From Home
272405,Hyderabad
272406,Bangalore
272407,Bangalore
272408,Bangalore
272419,Bangalore
272391,Noida
272399,Bangalore
272396,Pune
272390,Mumbai
272393,Bangalore
272388,Hyderabad
272386,Bangalore
272395,Bangalore
272394,Bangalore
272397,Bangalore
272398,Bangalore
272400,Work From Home
272384,Bangalore
272379,Bangalore
272377,Bangalore
272378,Mumbai
272380,Hyderabad
272381,Bangalore
272383,Bangalore
272374,Bangalore
272363,Gurgaon
272370,Bangalore
272364,Bangalore
272368,Bangalore
272375,Bangalore
272367,Gurgaon
272373,Noida
272371,Bangalore
272376,Bangalore
272347,Noida
272343,Patna
272359,Bangalore
272361,Bangalore
272353,Bangalore
272349,Bangalore
272348,Bangalore
272346,Chennai
272345,Kanpur
272358,Hyderabad
272333,Gurgaon
272338,Bangalore
272339,Bangalore
272328,Delhi
272336,Hyderabad
272330,Udaipur
272329,Bangalore
272332,Delhi
272319,Work From Home
272316,Bangalore
272320,Bangalore
272322,Delhi
272326,Hyderabad
272325,Chennai
272317,Delhi
272313,Hyderabad
272314,Bangalore
272308,Delhi
272312,Bangalore
272310,Bangalore
272311,Noida
272306,Mumbai
272309,Jaipur
272307,Bangalore
272315,Bangalore
272305,Bangalore
272299,Gurgaon
272293,Chandigarh
272294,Kolkata
272295,Anand
272303,Hyderabad
272296,Navi Mumbai
272302,Delhi
272304,Mumbai
272301,Delhi
272281,Ahmedabad
272283,Bangalore
272286,Mumbai
272289,Bangalore
272284,Bangalore
272291,Bangalore
272288,Bangalore
272290,Work From Home
272282,Bangalore
272292,Bangalore
272279,Ahmedabad
272271,Mumbai
272267,Bangalore
272273,Bangalore
272278,Bangalore
272265,Hyderabad
272280,Bangalore
272274,Gurgaon
272266,Bangalore
272270,Gurgaon
272257,Chandigarh
272263,Chennai
272255,Bangalore
272258,Bangalore
272262,Bangalore
272256,Bangalore
272261,Bangalore
272264,Bangalore
272260,Bangalore
272254,Bangalore
272247,Pune
272253,Pune
272252,Gurgaon
272245,Noida
272242,Delhi
272239,Work From Home
272251,Bangalore
272248,Bangalore
272249,Work From Home
272243,Delhi
272231,Bangalore
272227,Bangalore
272232,Delhi
272233,Work From Home
272237,Bangalore
272236,Chennai
272228,Bangalore
272230,Gurgaon
272235,Gurgaon
272215,Hyderabad
272218,Hyderabad
272225,Gurgaon
272222,Work From Home
272217,Bangalore
272216,Bangalore
272221,Noida
272220,Bangalore
272203,Bangalore
272209,Greater Noida
272206,Work From Home
272211,Bangalore
272207,Hyderabad
272204,Bangalore
272205,Gurgaon
272208,Hyderabad
272213,Mumbai
272212,Hyderabad
272197,Work From Home
272198,Pune
272194,Pune
272200,Bangalore
272185,Work From Home
272196,Bangalore
272192,Bangalore
272184,Hyderabad
272189,Pune
272195,Bangalore
272173,Hyderabad
272175,Mumbai
272170,Bangalore
272169,Bangalore
272171,Navi Mumbai
272179,Bangalore
272172,Bangalore
272177,Ahmedabad
272178,Noida
272162,Bangalore
272164,Bangalore
272163,Bangalore
272156,Trivandrum
272167,Gurgaon
272160,Delhi
272168,Bangalore
272157,Chennai
272158,Gurgaon
272149,Pune
272144,Bangalore
272155,Kochi
272148,Gurgaon
272145,Bangalore
272146,Work From Home
272152,Coimbatore
272150,Bangalore
272151,Bangalore
272147,Work From Home
272140,Noida
272138,Bangalore
272131,Bangalore
272136,Bangalore
272141,Bangalore
272134,Bangalore
272135,Bangalore
272137,Bangalore
272139,Bangalore
272133,Noida
272125,Gurgaon
272122,Bangalore
272118,Bangalore
272120,Work From Home
272123,Mumbai
272129,Bangalore
272128,Bangalore
272116,Bangalore
272130,Bangalore
272119,Bangalore
272106,Ahmedabad
272107,Ahmedabad
272108,Ahmedabad
272109,Ahmedabad
272102,Bangalore
272115,Bangalore
272113,Delhi
272095,Delhi
272112,Bangalore
272105,Hyderabad
272085,Hyderabad
272083,Bangalore
272087,Coimbatore
272086,Coimbatore
272088,Coimbatore
272082,Bangalore
272092,Bangalore
272084,Gurgaon
272090,Bangalore
272093,Bangalore
272077,Work From Home
272078,Work From Home
272076,Bangalore
272070,Pune
272075,Bangalore
272073,Mumbai
272081,Bangalore
272071,Bangalore
272079,Work From Home
272072,Delhi
272069,Mumbai
272062,Bangalore
272068,Bangalore
272059,Bangalore
272060,Bangalore
272063,Bangalore
272058,Gurgaon
272065,Bangalore
272056,Bangalore
272051,Gurgaon
272045,Mumbai
272049,Greater Noida
272052,Bangalore
272048,Work From Home
272055,Bangalore
272044,Delhi
272050,Mumbai
272053,Ahmedabad
272054,Bangalore
272041,Gurgaon
272033,Work From Home
272040,Bangalore
272034,Navi Mumbai
272039,Bangalore
272043,Bangalore
272036,Gurgaon
272037,Bangalore
272038,Mumbai
272027,Mumbai
272028,Pune
272032,Delhi
272031,Kochi
272026,Cochin
272023,Bangalore
272024,Bangalore
272029,Bangalore
272022,Bangalore
272030,Chennai
272016,Bangalore
272019,Hyderabad
272021,Bangalore
272013,Gurgaon
272012,Delhi
272017,Bangalore
272014,Gurgaon
272011,Work From Home
272018,Delhi
272000,Gurgaon
272010,Work From Home
272002,Bangalore
272001,Hyderabad
272004,Mumbai
272009,Bangalore
272006,Mumbai
272008,Bangalore
271999,Bangalore
272003,Bangalore
271993,Work From Home
271997,Chennai
271998,Hyderabad
271988,Noida
271992,Work From Home
271986,Allahabad
271990,Bangalore
271995,Bangalore
271989,Bangalore
271991,Mumbai
271985,Bangalore
271977,Bangalore
271983,Pune
271981,Pune
271979,Pune
271984,Bangalore
271982,Bangalore
271980,Work From Home
271978,Bangalore
271970,Noida
271969,Noida
271964,Noida
271976,Pune
271974,Pune
271971,Gurgaon
271967,Noida
271965,Gurgaon
271973,Ernakulam
271962,Gurgaon
271958,Gurgaon
271950,Bangalore
271960,Bangalore
271956,Work From Home
271952,Chennai
271951,Bangalore
271961,Gurgaon
271955,Bangalore
271953,Mumbai
271949,Kolkata
271942,Pune
271939,Bangalore
271946,Ludhiana
271936,Hyderabad
271938,Bangalore
271947,Bangalore
271948,Bangalore
271945,Bangalore
271944,Bangalore
271933,Kolkata
271934,Chennai
271926,Chennai
271927,Bangalore
271935,Bangalore
271930,Bangalore
271929,Bangalore
271932,Bangalore
271928,Bangalore
271925,Bangalore
271915,Bangalore
271913,Bangalore
271920,Bangalore
271917,Mumbai
271909,Hyderabad
271921,Bangalore
271916,Pune
271914,Bangalore
271911,Bangalore
271922,Bangalore
271903,Bangalore
271900,Mumbai
271904,Delhi
271897,Mumbai
271899,Delhi
271898,Bangalore
271907,Ahmedabad
271902,Mumbai
271901,Bangalore
271895,Pune
271890,Mumbai
271885,Gurgaon
271894,Work From Home
271883,Chennai
271882,Bangalore
271889,Bangalore
271888,Work From Home
271893,Work From Home
271892,Delhi
271891,Bangalore
271871,Gurgaon
271879,Bangalore
271870,Chennai
271874,Bangalore
271876,Mumbai
271872,Mumbai
271875,Pune
271877,Pune
271881,Work From Home
271880,Bangalore
271864,Bangalore
271863,Work From Home
271865,Noida
271860,Noida
271869,Bangalore
271861,Bangalore
271867,Bangalore
271868,Pune
271862,Bangalore
271859,Bangalore
271856,Gurgaon
271854,Bangalore
271853,Panaji
271851,Bangalore
271858,Chennai
271849,Bangalore
271850,Work From Home
271841,Work From Home
271845,Bangalore
271847,Bangalore
271843,Bangalore
271842,Bangalore
271846,Bangalore
271848,Mumbai
271839,Bangalore
271832,Hyderabad
271825,Bangalore
271826,Bangalore
271831,Bangalore
271833,Bangalore
271834,Bangalore
271828,Bangalore
271838,Bangalore
271829,Bangalore
271830,Bangalore
271820,Bangalore
271817,Bangalore
271824,Mumbai
271816,Mumbai
271822,Bangalore
271815,Mumbai
271818,Noida
271823,Work From Home
271814,Bangalore
271819,Bangalore
271813,Pune
271804,Work From Home
271799,Pune
271803,Noida
271809,Bangalore
271810,Bangalore
271797,Gurgaon
271811,Bangalore
271812,Bangalore
271795,Bangalore
271796,Bangalore
271789,Bangalore
271793,Bangalore
271790,Hyderabad
271794,Work From Home
271791,Bangalore
271780,Bangalore
271778,Bangalore
271782,Mumbai
271785,Bangalore
271786,Bangalore
271779,Work From Home
271781,Bangalore
271784,Bangalore
271770,Pune
271773,Gurgaon
271776,Bangalore
271774,Delhi
271777,Bangalore
271771,Gurgaon
271763,Noida
271766,Bangalore
271764,Bangalore
271767,Delhi
271765,Mumbai
271762,Gurgaon
271769,Bangalore
271755,Bangalore
271760,Bangalore
271756,Bangalore
271742,Gurgaon
271749,Hyderabad
271745,Hyderabad
271747,Bangalore
271748,Work From Home
271754,Bangalore
271746,Bangalore
271743,Gurgaon
271735,Work From Home
271728,Pune
271741,Bangalore
271736,Bangalore
271731,Bangalore
271733,Bangalore
271740,Bangalore
271734,Bangalore
271729,Bangalore
271721,Work From Home
271726,Bangalore
271723,Bangalore
271724,Kolkata
271712,Bangalore
271720,Pune
271714,Bangalore
271717,Bangalore
271719,Noida
271718,Bangalore
271713,Bangalore
271716,Bangalore
271704,Bangalore
271708,Hyderabad
271711,Bangalore
271709,Bangalore
271706,Udaipur
271707,Bangalore
271703,Bangalore
271705,Bangalore
271710,Panaji
271695,Bangalore
271693,Hyderabad
271699,Hyderabad
271702,Bangalore
271697,Bangalore
271701,Bangalore
271690,Bangalore
271689,Bangalore
271679,Kolkata
271681,Kochi
271683,Nagpur
271685,Bhubaneshwar
271682,Work From Home
271680,Gurgaon
271684,Bangalore
271687,Bangalore
271678,Bangalore
271675,Work From Home
271670,Chennai
271674,Chennai
271669,Hyderabad
271673,Kolkata
271668,Mumbai
271676,Greater Noida
271671,Hyderabad
271666,Bangalore
271663,Noida
271667,Bangalore
271661,Mumbai
271664,Pune
271662,Bangalore
271655,Mumbai
271659,Work From Home
271656,Bangalore
271658,Bangalore
271654,Delhi
271650,Hyderabad
271651,Delhi
271653,Bangalore
271639,Pune
271646,Bangalore
271648,Hyderabad
271644,Mumbai
271647,Bangalore
271637,Bangalore
271634,Bangalore
271638,Work From Home
271633,Noida
271636,Bangalore
271635,Mumbai
271631,Mumbai
271630,Bangalore
271620,Work From Home
271622,Gurgaon
271626,Delhi
271629,Mumbai
271625,Bangalore
271627,Bangalore
271624,Bangalore
271619,Chennai
271615,Chandigarh
271607,Pune
271613,Chennai
271609,Pune
271610,Mumbai
271611,Hyderabad
271614,Bangalore
271617,Bangalore
271612,Bangalore
271601,Chennai
271606,Bangalore
271597,Kolkata
271599,Kochi
271600,Delhi
271598,Bangalore
271603,Bangalore
271584,Hyderabad
271588,Bangalore
271594,Bangalore
271586,Mumbai
271590,Pune
271591,Bangalore
271593,Chennai
271595,Hyderabad
271582,Gurgaon
271580,Chandigarh
271576,Bangalore
271573,Work From Home
271583,Bangalore
271571,Bangalore
271577,Gurgaon
271570,Delhi
271574,Bangalore
271560,Bangalore
271565,Coimbatore
271563,Chennai
271561,Mumbai
271562,Pune
271557,Bangalore
271564,Bangalore
271569,Delhi
271559,Jaipur
271555,Bangalore
271552,Work From Home
271545,Pune
271548,Work From Home
271549,Work From Home
271550,Mumbai
271546,Kolkata
271547,Delhi
271538,Bangalore
271543,Bangalore
271537,Bangalore
271536,Mumbai
271544,Hyderabad
271540,Pune
271541,Bangalore
271542,Chennai
271539,Chennai
271534,Mumbai
271528,Bangalore
271527,Work From Home
271531,Mumbai
271533,Hyderabad
271526,Mumbai
271512,Delhi
271510,Bangalore
271513,Bangalore
271520,Pune
271515,Chennai
271516,Bangalore
271517,Hyderabad
271518,Mumbai
271511,Bangalore
271519,Bangalore
271509,Work From Home
271505,Bangalore
271508,Bangalore
271497,Bangalore
271500,Work From Home
271506,Bangalore
271499,Bangalore
271507,Gurgaon
271498,Bangalore
271492,Hyderabad
271490,Pune
271494,Gurgaon
271491,Mumbai
271487,Hyderabad
271488,Bangalore
271495,Mumbai
271493,Gurgaon
271486,Bangalore
271484,Kochi
271479,Hyderabad
271477,Work From Home
271482,Bangalore
271481,Hyderabad
271485,Bangalore
271476,Bangalore
271483,Ahmedabad
271464,Gurgaon
271468,Mathura
271467,Bangalore
271465,Bangalore
271470,Hyderabad
271469,Bangalore
271472,Bangalore
271466,Indore
271457,Work From Home
271454,Work From Home
271455,Gurgaon
271458,Chennai
271462,Bangalore
271460,Mumbai
271463,Bangalore
271456,Work From Home
271459,Bangalore
271461,Bangalore
271452,Work From Home
271446,Bangalore
271445,Delhi
271448,Bangalore
271453,Indore
271444,Chennai
271447,Hyderabad
271449,Gurgaon
271439,Bangalore
271443,Work From Home
271437,Gurgaon
271440,Delhi
271442,Mumbai
271436,Bangalore
271441,Hyderabad
271438,Bangalore
271424,Jaipur
271434,Gurgaon
271432,Bangalore
271435,Bangalore
271421,Bangalore
271423,Hyderabad
271433,Work From Home
271431,Bangalore
271430,Hyderabad
271408,Hyderabad
271414,Noida
271419,Chennai
271416,Hyderabad
271415,Jaipur
271406,Gurgaon
